Property_ID,Title,Price_RM,Region,Subarea,Property_Type,Title_Type,Size_sqft,Bedrooms,Bathrooms,Agent_Firm
113224343,"2-STOREY | FREEHOLD - Puchong Utama, near Meranti Jaya Bukit Puchong",485000,Selangor,Puchong,2-storey Terraced House,Freehold,1080,4,3,IQI Realty Sdn Bhd
111691798,Puncak Jalil -✅ End Lot + Garden🌱 ✅ Not facing house‼️✅ Fully Extend,738000,Selangor,Puncak Jalil,2-storey Terraced House,Leasehold,1820,4,3,IQI Realty Sdn Bhd
114706402,Monthly 2.4K 5Bed 6bath Semi D Concepts House,588000,Selangor,Nilai,New Semi-Detached House,Freehold,3300,5,6,Dream Property Realty
114698724,40x85 Sepang Super Big Luxury Semi D Freehold,702000,Selangor,Sepang,New Semi-Detached House,Freehold,3613,5,6,Dream Property Realty
114507043,"[Good Condition] 2 Sty Terrace , Bandar Country Homes, Desa 1, Rawang",378000,Selangor,Rawang,2-storey Terraced House,Freehold,1170,4,3,VPG Realty
114580844,Tanah di Alor Gajah tepi jalan,185000,Melaka,Alor Gajah,Agricultural Land,Freehold,0.7,N/A,N/A,N/A
110961896,"[Fully Renovated] 2 Sty END LOT ,M Residence 1 ,Tasik Puteri ,Rawang",495000,Selangor,Rawang,2-storey Terraced House,Freehold,1350,4,3,VPG Realty
114802992,MURAH❗LEVEL 3+LIFT🌟3 BILIK 802 sqft🌟Alunan Bayu Seksyen 24 Shah Alam,310000,Selangor,Shah Alam,Apartment,Leasehold,802,3,2,Maxxan Realty Sdn Bhd
114751205,FREEHOLD🔥3 BILIK🌟960sqf🌟Pangsapuri Kenangan Bukit Rimau Shah Alam,330000,Selangor,Shah Alam,Apartment,Leasehold,960,3,2,Maxxan Realty Sdn Bhd
114815454,NICE VIEW + COVERED PARKING🌟870sf🌟Amazing Heights Sungai Udang Klang,210000,Selangor,Klang,Apartment,Freehold,870,3,2,Maxxan Realty Sdn Bhd
114732510,ENDLOT RENO🌟4 BILIK🌟2-sty Desa Alam Seksyen U12 Shah Alam,570000,Selangor,Shah Alam,2-storey Terraced House,Leasehold,1080,4,3,Maxxan Realty Sdn Bhd
114833497,FACING OPEN FULLY EXTENDED Double Storey Bandar Baru Sri Petaling KL,1350000,Kuala Lumpur,Sri Petaling,2-storey Terraced House,Freehold,2500,5,3,HEBAT REALTORS
114175401,Banglo 1 tingkat Melor,445000,Kelantan,Melor,Bungalow House,Freehold,1528,4,3,QUALITY HOMES
110807449,2 Unit Semi D Taman SBJ Firdaus Panji Kubang Kerian Kota Bharu,398000,Kelantan,Kota Bharu,Semi-Detached House,Freehold,1883,2,3,QUALITY HOMES
106031160,[Corner Lot] 2 Storey Semi D Hampton Residence Bandar Seri Coalfields,1550000,Selangor,Sungai Buloh,Semi-Detached House,Freehold,6404,6,5,TECH REALTORS PROPERTIES SDN BHD
114731898,Masai Bandar Baru Permas Jaya Jalan Permas L.Cost Double Storey House,398000,Johor,Masai,2-storey Terraced House,Freehold,700,3,2,Royce Properties
113928501,【100% FULL LOAN🔥】Kasturi Idaman Apartment Kota Damansara 0% DEPOSIT✅,340000,Selangor,Kota Damansara,Condominium,Leasehold,947,3,2,THE INFINITE ESTATE SDN BHD
113798767,【OFFER  FULL LOAN🔥】Vesta View Taman Putra Impian Kajang【 0% DEPOSIT✅】,225000,Selangor,Kajang,Apartment,Leasehold,870,3,2,THE INFINITE ESTATE SDN BHD
113344744,【FULL LOAN OK🔥】Alam Sanjung Seksyen 22 Shah Alam 2Carpark 0% DEPOSIT✅,300000,Selangor,Shah Alam,Service Residence,Freehold,914,3,2,THE INFINITE ESTATE SDN BHD
114202136,【100% FULL LOAN🔥】Sinar Apartment Sepang Salak Perdana【0% DEPOSIT✅】,165000,Selangor,Sepang,Apartment,Freehold,853,3,2,THE INFINITE ESTATE SDN BHD
109462137,Pahang agriculture land for sales,4150000,Pahang,Temerloh,Agricultural Land,Leasehold,500,N/A,N/A,Great Casa Realty Sdn. Bhd.
105553777,Cheras lrt station shop for sales,3250000,Kuala Lumpur,Cheras,Shop lot,Leasehold,2000,N/A,N/A,Great Casa Realty Sdn. Bhd.
114750318,HOT LOCATION! Tanah Lot Banglo Seksyen 7 Shah Alam,1298560,Selangor,Shah Alam,Residential Land,Leasehold,8116,N/A,N/A,IQI Realty Sdn Bhd
114731826,"FACING OPEN! DOUBLE STOREY TERRACE HOUSE Seksyen 25, Taman Sri Muda, S",490000,Selangor,Shah Alam,2-storey Terraced House,Freehold,1200,4,3,IQI Realty Sdn Bhd
114575099,CORNER UNIT Pangsapuri Seri Indah Seri Kembangan,160000,Selangor,Seri Kembangan,Others,Leasehold,650,3,1,IQI Realty Sdn Bhd
114574855,GROUND FLOOR Cheapest Apartment Seraya Kajang Utama,250000,Selangor,Kajang,Others,Freehold,950,3,2,IQI Realty Sdn Bhd
114567785,RENOVATED CORNER UNIT Apartment Desa Mentari 3,200000,Selangor,Petaling Jaya,Others,Leasehold,660,3,2,IQI Realty Sdn Bhd
114556230,"CORNER LOT APARTMENT Seri Jati, Puchong Hartamas",230000,Selangor,Puchong,Flat,Freehold,752,3,2,IQI Realty Sdn Bhd
112971528,[Brand New] 2 Storey Semi D Taman Scientex Anggun Kota Emerald Rawang,750000,Selangor,Rawang,Semi-Detached House,Freehold,2162,4,3,TECH REALTORS
114343330,"TownHouse , Desa Mutiara, Bandar Country home , Rawang",260000,Selangor,Rawang,Townhouse,Freehold,1400,3,2,TECH REALTORS
114605037,Kulai Taman Muhibbah Jalan Jambu Air Double Storey Terrace House,348000,Johor,Kulai,2-storey Terraced House,Freehold,730,3,2,Royce Properties
113862213,Fully renovation Rumah Teres Setingkat Taman Mutiara Karangan Kedah,310000,Kedah,Karangan,Terraced House,Freehold,1194,3,9,GPLEX REALITY SDN BHD
114833525,"Apartment Taman LTAT Block A, Bukit Jalil Kuala Lumpur For Sale",280000,Kuala Lumpur,Bukit Jalil,Apartment,Freehold,280000,3,2,IQI REALTY SDN BHD
110434734,SALE — GREENLANE FULL RENO TIP TOP South Facing Semi-D Jelutong,2200000,Penang,Greenlane,Semi-Detached House,Freehold,4000,3,3,Polygon Properties Sdn Bhd
114644714,Skudai Taman Sri Pulai Jalan Pakis L.Cost Single Storey Terrace House,388000,Johor,Skudai,1-storey Terraced House,Freehold,1100,3,2,Royce Properties
114416086,Masai Taman Rinting Jln Balau Flat Level 4,180000,Johor,Masai,Flat,Freehold,592,3,2,Royce Properties
112864860,SALE — JELUTONG HIGH & PRIME EXPOSURE Development Land Georgetown,2050000,Penang,Georgetown,Land,Freehold,0.08,N/A,N/A,Polygon Properties Sdn Bhd
112864845,SALE — JELUTONG MEDAN HIKMAT FREEHOLD PRIME LOCATION Georgetown,360000,Penang,Jelutong,Apartment,Freehold,700,3,2,Polygon Properties Sdn Bhd
112171389,Banglo Pasir Tumboh Kubang Kerian sebelah Sekolah,485000,Kelantan,Kubang Kerian,Bungalow House,Freehold,1500,4,3,QUALITY HOMES
110456477,Single Storey Terrace Fully Renovated nearby HTJ Seremban,380000,Negeri Sembilan,Seremban,1-storey Terraced House,Freehold,370000,3,2,E TREND REALTY SDN BHD
114772227,Serdang Skyvilla Condo For Sale,180000,Selangor,Seri Kembangan,Service Residence,Leasehold,903,3,2,N/A
114772142,Serdang Perdana Shop lot Apartment For Sale,120000,Selangor,Seri Kembangan,Apartment,Leasehold,730,3,1,N/A
111413368,"Ampang,Taman Mulia Jaya Shop Apartment For Sale",100000,Selangor,Ampang,Apartment,Leasehold,634,2,1,N/A
107103766,Seri Kembangan Serdang Skyvilla near MRT For Sale,170000,Selangor,Seri Kembangan,Service Residence,Leasehold,903,3,2,N/A
114833492,"Permas Jaya, Lowest Price in Market, Double Storey Low Cost",398000,Johor,Permas Jaya,2-storey Terraced House,Freehold,770,2,2,Queenie Ng
114833491,2 Storey House @ Taman Tempua Simpang Ampat,500000,Penang,Simpang Ampat,2-storey Terraced House,Freehold,1200,4,3,THE ROOF REALTY
104163275,[Corner Lot] 2 Storey Semi D Taman Scientex Rawang Anggun Kota Emerald,870000,Selangor,Rawang,Semi-Detached House,Freehold,3329,4,4,TECH REALTORS PROPERTIES SDN BHD
101346035,Double Storey Semi D House Taman Scientex Rawang Anggun Kota Emerald,752000,Selangor,Rawang,Semi-Detached House,Freehold,2400,4,4,TECH REALTORS PROPERTIES SDN BHD
75341402,[Below Market] 2 Storey Terrace M Residence 2 Alpine Rawang House,400000,Selangor,Rawang,2-storey Terraced House,Leasehold,1885,4,3,TECH REALTORS PROPERTIES SDN BHD
110208115,"Rumah Teres Corner 2 Tingkat l Taman Permai, Seremban",480000,Negeri Sembilan,Seremban,2-storey Terraced House,Freehold,2164,4,3,E TREND REALTY SDN BHD
114833519,"Country Garden Danga Bay, Bay Point, Renovated Unit",495000,Johor,Johor Bahru,Condominium,Freehold,816,2,2,Queenie Ng
114562534,"850sqft, Level 2 Pangsapuri Alam Budiman Sec U10 Shah Alam (Near Dash)",289000,Selangor,Setia Alam,Apartment,Leasehold,850,3,2,ESP PROPERTIES SDN BHD
111690838,Single Storey Semi-D next to UiTM Seremban 3,550000,Negeri Sembilan,Seremban,Semi-Detached House,Freehold,4811,4,3,E TREND REALTY SDN BHD
112708204,BELOW MARKET🔥| 0% Deposit ✅| Prima Selayang Batu Cave 600sqft 3R1B,90000,Selangor,Batu Caves,Apartment,Leasehold,600,3,1,The Infinite Estate
114833514,Double Storey Corner House for Sale,820000,Sarawak,Bintulu,Others,Leasehold,3279,4,3,General Lee
114332999,The Zest @ Kinrara For Sale!!!,500000,Selangor,Bandar Kinrara,Condominium,Freehold,1119,3,2,CID REALTORS SDN BHD
114800783,full loan cash out TMN DAMAI JAYA jln makmur LOW COST kitchen extended,338000,Johor,Skudai,2-storey Terraced House,Freehold,798,2,1,THE ROOF REALTY SDN.BHD.
114604358,1207sf. Full Loan! Juta Mines Condominium Sri Kembangan,310000,Selangor,Seri Kembangan,Condominium,Leasehold,1207,3,2,IQI REALTY SDN. BHD.
114604613,Termurah‼️Cantik Gated & Guarded🏡Teres 2-Tingkat Azalea Sungai Buloh,625000,Selangor,Bukit Rahman Putra,2-storey Terraced House,Leasehold,1300,4,3,Chester Properties TD
114814996,"Murahh, Renovated  Extended 💎 Below Market 💎 Seksyen 8 Shah Alam",590000,Selangor,Shah Alam,2-storey Terraced House,Leasehold,1963,4,3,Chester Properties TD
114569805,"Newly Reno 2Sty Terrace House, Brd Mahkota Cheras MRT",740000,Selangor,Cheras,2-storey Terraced House,Freehold,1750,4,3,IQI REALTY SDN. BHD.
114730318,Baru Siap & BIG Size 20x75🔥2-Storey Belleza Azalea Bukit Rahman Putra,665000,Selangor,Bukit Rahman Putra,2-storey Terraced House,Leasehold,1600,4,3,Chester Properties TD
114833476,"Mount Austin, Havona, Block A, Super Clean, Tip Top Condition",548000,Johor,Johor Bahru,Apartment,Freehold,953,2,2,Queenie Ng
114833468,[Below Market I Reno I G&G] 2 Sty Camellia Residence Bandar Tasik Kesu,489000,Selangor,Semenyih,2-storey Terraced House,Freehold,1800,4,3,IQI Realty Sdn Bhd
100546962,[Below Market] 2 Storey M Residence 1 Bandar Tasik Puteri Rawang House,530000,Selangor,Rawang,2-storey Terraced House,Freehold,2380,5,5,TECH REALTORS PROPERTIES SDN BHD
88381956,[CHEAPEST UNIT] 2 Storey Terrace Elmina Green Denai Shah Alam House,700000,Selangor,Denai Alam,2-storey Terraced House,Freehold,2001,4,4,TECH REALTORS PROPERTIES SDN BHD
114502013,"20x75sf. Newly Reno 2Sty Teres, Taman Pelangi Semenyih Near Ecohill",465000,Selangor,Semenyih,2-storey Terraced House,Freehold,2250,4,3,IQI REALTY SDN. BHD.
114343046,"Mezzo, full sea view, @The Light City, next to Pwcc, Lxx Art Gallery",1250000,Penang,Gelugor,Condominium,Freehold,1033,2,3,IQI Realty Sdn Bhd
114833509,"Single Storey Terrace Jalan Dato Abdul Hamid Taman Sentosa, Klang Sale",388888,Selangor,Klang,1-storey Terraced House,Freehold,1300,3,2,IQI REALTY SDN BHD
111964861,"23x65sf. 2Sty Endlot House, Taman Seri Emas Sg Chua MRT Kajang",474700,Selangor,Kajang,2-storey Terraced House,Leasehold,1950,4,3,IQI REALTY SDN. BHD.
107754656,"LEVEL 5 Apartment, STUTONG HEIGHT 1",385000,Sarawak,Kuching,Apartment,Leasehold,921,2,2,Borneo Real Estate
114720673,"RENOVATED, Teres Setingkat, STUTONG BARU",320000,Sarawak,Kuching,1-storey Terraced House,Freehold,750,2,2,Borneo Real Estate
114516725,"SEMI D, Double Storey, BDC-STUTONG",1600000,Sarawak,Kuching,Semi-Detached House,Leasehold,2000,4,3,Borneo Real Estate
114226993,"Double Storey Teres, JLN STUTONG",865000,Sarawak,Kuching,2-storey Terraced House,Leasehold,1850,4,3,Borneo Real Estate
114796383,Nusabayu Near TUAS SECONDLINK | GELANG PATAH | COLUMBIA HOSPITAL | BKT,750000,Johor,Iskandar Puteri,2-storey Terraced House,Freehold,1400,4,3,AZMI REAL ESTATE AGENCY E12072
114833508,"[Limited Unit] 2 Sty Terrace , Garden Heights, Bandar Tasik Puteri",395000,Selangor,Rawang,2-storey Terraced House,Leasehold,1350,4,3,VPG Realty
114685384,Tercantikkk‼️strategic Location🔥Renovated House 📌Taman Puchong Intan,470000,Selangor,Puchong,2-storey Terraced House,Leasehold,1260,3,3,Chester Properties TD
114806382,Bayu Puteri 3 Apt Middle floor 3beds G&G Permas Jaya Megah Ria CIQ,339000,Johor,Johor Bahru,Apartment,Leasehold,906,3,2,THE ROOF REALTY SDN. BHD.
114754490,Full loan Seri Austin Lolite 1 Unblock Double Storey House,728000,Johor,Johor Bahru,2-storey Terraced House,Freehold,1400,4,3,THE ROOF REALTY SDN. BHD.
113406794,Full loan free legal RTS CIQ danga bay veranda twin tower Bora sky 88,300000,Johor,Johor Bahru,Apartment,Freehold,295,1,1,global
113407053,Full loan free legal RTS CIQ danga bay veranda twin tower Bora sky 88,900000,Johor,Johor Bahru,Service Residence,Freehold,915,3,2,global
113405868,Lowest price near twin tower exsim meldrum height suasana paragon sks,890000,Johor,Johor Bahru,Condominium,Freehold,1141,3,2,global
114762471,Austin Boulevard Jalan Mutiara Emas 9 Double Storey House Mount Austin,680000,Johor,Johor Bahru,2-storey Terraced House,Freehold,1170,4,3,THE ROOF REALTY SDN. BHD.
114716471,Full loan Cash Out Skudai Villa Apt beds G&G Tun Aminah Mutiara Rini,330000,Johor,Johor Bahru,Apartment,Freehold,1087,3,2,THE ROOF REALTY SDN. BHD.
114613805,Tampoi Jalan Dahlia Low Cost Single Storey House Skudai bukit mewah,350000,Johor,Skudai,1-storey Terraced House,Leasehold,1000,2,2,THE ROOF REALTY SDN. BHD.
114833504,Danau Bayu Apartment for Sale,275000,Selangor,Sungai Buloh,Apartment,Leasehold,764,3,2,Great Casa Realty
114440250,"RUMAH MURAH🔥BELOW MARKET🔥Teres 2 Tingkat@Taman Nuri,Alor Setar",170000,Kedah,Alor Setar,2-storey Terraced House,Leasehold,700,2,1,CCI Realty Sdn Bhd
114561420,Renovated Rumah 2 Tingkat Jalan Asli TAMAN PASIR PUTIH (Unblock View),325000,Johor,Pasir Gudang,2-storey Terraced House,Freehold,775,2,2,GPLEX REALTY
114833498,Sri Kulai Baru Double Storey Shoplot Good Condition For Sale,560000,Johor,Kulai,Shop lot,Freehold,1650,N/A,N/A,Royce Properties
111728182,[End Lot] 3 Storey Terrace House Dolomite Templer Rawang Selayang,1280000,Selangor,Rawang,3-storey Terraced House,Freehold,3881,5,5,TECH REALTORS PROPERTIES SDN BHD
113828764,"Full Loan, Widuri Impian condo [956sqft, 3R2B], desa petaling",340000,Kuala Lumpur,Desa Petaling,Condominium,Leasehold,956,3,2,DREAMVEST REALTY
113828318,"Taman Kajang Mulia, Double sty [18x60, 3R3B], Full loan, Cheapest",415000,Selangor,Kajang,2-storey Terraced House,Freehold,1400,3,3,DREAMVEST REALTY
114646963,"Pangsapuri Merak, Shah Alam, 0% Downpayment, New house condition",270000,Selangor,Shah Alam,Apartment,Leasehold,850,3,2,DREAMVEST REALTY
114646633,"Desaminium Flora Condo, 0% downpayment, Nice condition unit",250000,Selangor,Seri Kembangan,Condominium,Leasehold,850,3,2,DREAMVEST REALTY
112732699,"Sri Alam Condominium, Section 13 Shah Alam For Sale",349000,Selangor,Shah Alam,Condominium,Leasehold,1227,3,2,IQI REALTY SDN BHD
113349139,20 x 70【 2-STOREY 】✨Not facing house | ✅ Guarded - Puncak Jalil,598000,Selangor,Puncak Jalil,2-storey Terraced House,Leasehold,1400,4,3,IQI Realty Sdn Bhd
114499759,[HIGH FLOOR SEAVIEW] The Zen 2 CarPark Fully Furnished Renovated WORTH,499000,Penang,Gelugor,Condominium,Freehold,850,3,2,Chin Housing Realty
114752822,Dpulze Cyberjaya 1Room Full Furnished Renovated near centrus MRT,208000,Selangor,Cyberjaya,Service Residence,Freehold,500,1,1,GT Nelson Realty
114235760,KL City Best Invest Below Market Condo High Rental Beside LRT Mall Uni,490000,Kuala Lumpur,KL City,Condominium,Leasehold,1375,5,3,IPG
104712553,20 x 70 | Facing East |✅Guarded - Puncak Jalil,500000,Selangor,Puncak Jalil,2-storey Terraced House,Leasehold,1400,4,3,IQI Realty Sdn Bhd
110957245,Puncak Jalil【PUJ 9】- 1-STOREY | 20 x 70| Facing East,465000,Selangor,Puncak Jalil,1-storey Terraced House,Leasehold,1400,3,2,IQI Realty Sdn Bhd
114507051,"[Kitchen Extend] 2 Sty End Lot ,Acacia Park,Bandar Tasik Puteri,Rawang",585000,Selangor,Rawang,2-storey Terraced House,Leasehold,2240,4,3,VPG Realty
114434819,"[Paling Murah] 2 Sty Terrace House , Sari Alamanda ,Sungai Choh,Rawang",395000,Selangor,Rawang,2-storey Terraced House,Freehold,960,3,3,VPG Realty
114434818,"[Facing Open] 2 Sty Terrace House, M Residence 1, Tasik Puteri, Rawang",548000,Selangor,Rawang,2-storey Terraced House,Freehold,2280,5,5,VPG Realty
114401744,"[Fully Renovated] 2 Sty Terrace House, Bandar Country Homes , Desa 13",480000,Selangor,Rawang,2-storey Terraced House,Freehold,1700,3,3,VPG Realty
114808262,MURAH❗️CANTIK RENOVATED🌟870 sqft🌟Amazing Heights Sungai Udang Klang,220000,Selangor,Klang,Apartment,Freehold,870,3,2,Maxxan Realty Sdn Bhd
113779961,Corner Lot 🏡 20 x 70 | ✅ Guarded - Bandar Putra Permai (near Equine),658000,Selangor,Seri Kembangan,1-storey Terraced House,Leasehold,4015,4,2,IQI Realty Sdn Bhd
113914773,END LOT FACING OPEN🌟RENOVATED🌟30x68🌟2-Sty Cahaya SPK Shah Alam,875000,Selangor,Shah Alam,2-storey Terraced House,Leasehold,2835,4,4,Maxxan Realty Sdn Bhd
114786482,BELOW MARKET❗️4 ROOMS+CABINET🌟20x70🌟2-sty Bandar Nusaputra 1 Puchong,570000,Selangor,Puchong,2-storey Terraced House,Leasehold,2000,4,3,Maxxan Realty Sdn Bhd
114687535,Serdang Raya - ✅ Corner Lot ✅ Fully Extended ✅ Near MRT,750000,Selangor,Seri Kembangan,1-storey Terraced House,Leasehold,2982,4,2,IQI Realty Sdn Bhd
114833445,Kulim Golf Bungalow VERY NICE‼️International Lot‼️7244sq‼️,1800000,Kedah,Kulim,Bungalow House,Freehold,7244,8,5,Iw Properties
112071141,"[40x80] 2 Storey SEMI D , Amberley ,Kota Emerald ,Anggun 1 2 , Rawang",828000,Selangor,Rawang,Semi-Detached House,Freehold,3200,5,4,VPG Realty
114329505,New Apartment/Condo For Sale,250000,Johor,Johor Bahru,New Service Residence,Freehold,506,1,1,VAG Properties Sdn. Bhd.
112438000,"PJ MIDTOWN, Nearby Centrestage, Jaya 33, Digital Mall, Jaya One & LRT",1100000,Selangor,Petaling Jaya,Service Residence,Leasehold,1228,3,2,IQI Realty Sdn. Bhd.
114764456,MURAH❗️CANTIK RENOVATED🌟20x65🌟1-sty Taman Pendamar Indah Port Klang,438000,Selangor,Klang,1-storey Terraced House,Freehold,1000,3,2,Maxxan Realty Sdn Bhd
114438100,Corner 2storey House Eco Tropic (Bumi),484800,Johor,Pasir Gudang,2-storey Terraced House,Freehold,2100,4,3,ORECOM REALTY SDN BHD
114199455,【 MURAH🔥】Pangsapuri Desa Mas Rawang 850sqft 【100% LOAN & 0% DEPOSIT✅】,190000,Selangor,Rawang,Apartment,Freehold,850,3,2,THE INFINITE ESTATE SDN BHD
112373650,【100% FULL LOAN🔥】Alam Idaman Condo Shah Alam Seksyen 22【0% DEPOSIT✅ 】,250000,Selangor,Shah Alam,Service Residence,Freehold,807,2,2,THE INFINITE ESTATE SDN BHD
114549707,【100% FULL LOAN🔥】Pearl Avenue Condo Kajang Sungai Chua 【0% DEPOSIT✅】,290000,Selangor,Kajang,Condominium,Freehold,1109,3,2,THE INFINITE ESTATE SDN BHD
113945998,【100% FULL LOAN🔥】Vista Seri Putra Bangi Bandar Seri Putra 0% DEPOSIT✅,210000,Selangor,Bangi,Apartment,Freehold,950,3,2,THE INFINITE ESTATE SDN BHD
111526365,Residensi Harmoni 2-Storey Semi-D Gated Guarded Bukit Mertajam,1200000,Penang,Bukit Mertajam,Semi-Detached House,Freehold,2800,4,4,IQI Realty Sdn Bhd
113262923,Casa green penthouse for sales,945000,Selangor,Cheras,Condominium,Freehold,2800,4,5,Great Casa Realty Sdn. Bhd.
114760293,SuperLink Home 2-STOREY 22x85 [salary 3.5K boleh apply +Join] Selangor,366666,Selangor,Semenyih,2-storey Terraced House,Freehold,3266,4,4,CW Realty
114461428,Bandar kinrara puchong house for sales,758000,Selangor,Puchong,2-storey Terraced House,Freehold,1400,4,3,Great Casa Realty Sdn. Bhd.
113726054,"Limited Lot Tanah Lot Jenderam Sepang, nama masuk geran borang 14a",56000,Selangor,Sepang,Residential Land,Freehold,5,N/A,N/A,Residential Land and Houses
114409278,Kota Permai Spectrum Garden 3 Storey Terrace Corner For Sale,1200000,Penang,Bukit Mertajam,3-storey Terraced House,Freehold,2580,5,4,IQI Realty Sdn Bhd
114374780,Fully Furnish or Rm60K Cash Back |22x70 4R4B |2 Storey Bangi,385666,Selangor,Bangi,2-storey Terraced House,Freehold,3326,4,4,CW Realty
114682842,"Tanah Lot PANAS Geran Individu Hulu Langat, sebelah dgn Surau, Ampang",142500,Selangor,Hulu Langat,Residential Land,Freehold,4,N/A,N/A,Residential Land and Houses
114221076,Tanah Lot Geran Individu di Hulu Langat batu 14,142500,Selangor,Hulu Langat,Residential Land,Freehold,4,N/A,N/A,Residential Land and Houses
108086210,2 Storey Terrace Jardin Residences Bandar Seri Coalfields Sungai Buloh,720000,Selangor,Sungai Buloh,2-storey Terraced House,Freehold,1961,4,3,TECH REALTORS PROPERTIES SDN BHD
114599166,Pasir Gudang Taman Kota Masai Jalan Nenas L.M.Cost Double Storey House,320000,Johor,Pasir Gudang,2-storey Terraced House,Freehold,770,3,2,Royce Properties
114375466,Tampoi Taman Dahlia Jalan Dahlia L.Cost Single Storey Terrace House,345000,Johor,Tampoi,1-storey Terraced House,Leasehold,1040,2,2,Royce Properties
114782443,"Pavillion Bukit Jalil, Jalil Damai Apartment For Sale, Freehold",375000,Kuala Lumpur,Bukit Jalil,Apartment,Freehold,952,3,2,N/A
114777683,Beverly Tower Condo For Sale,270000,Kuala Lumpur,Kepong,Condominium,Freehold,822,3,2,N/A
114676719,Kluang Taman Seri Impian Jalan Seri Impian Single Storey House,288000,Johor,Kluang,1-storey Terraced House,Freehold,1400,3,2,Royce Properties
112855990,SALE — SKYCUBE FULL RENO READY UNIT 2 Car Parks Relau Sungai Ara,525000,Penang,Sungai Ara,Condominium,Freehold,1270,3,2,Polygon Properties Sdn Bhd
105757613,[Below Market] 2 Storey Ilham Residence 1 Elmina East Denai Alam House,685000,Selangor,Denai Alam,2-storey Terraced House,Freehold,1398,3,3,TECH REALTORS PROPERTIES SDN BHD
112675387,Vista Amani Condo | 4R2B Bright & Airy |  Near Future MRT Nearby,375000,Kuala Lumpur,Cheras,Condominium,Leasehold,1101,4,2,The Roof Realty SDN BHD
114833441,Freehold Non Bumi Setapak Ria Condo Kuala Lumpur For Sale,299000,Kuala Lumpur,Setapak,Condominium,Freehold,911,3,2,IQI REALTY SDN BHD
114833440,"Newly Refurbished Unit at Riana Green Condominium, Tropicana PJ💥💥",580000,Selangor,Petaling Jaya,Condominium,Leasehold,1356,4,3,Maxxan Realty
113868960,Bandar Tun Hussein Onn / Jalan Suakasih Double Storey House FOR SALE,700000,Selangor,Cheras,2-storey Terraced House,Freehold,2200,4,3,The Roof Realty SDN BHD
112397067,"Tanah Luas,Freehold,Corner Lot, Dekat Hospital DMMC : Semi D Kempadang",460000,Pahang,Kuantan,Semi-Detached House,Freehold,5887,4,2,LEGACY REAL PROPERTY SDN BHD
112338036,[Mana Nk Cari Semi D Luas Mcm Ni] Corner Lot Semi D Kempadang DMMC,460000,Pahang,Kuantan,Semi-Detached House,Freehold,5887,4,2,LEGACY REAL PROPERTY SDN BHD
111754026,Tmn Bukit Sarimban Seremban 2 Sty house(Guarded)near Sri Pulai Penaga,535000,Negeri Sembilan,Sikamat,2-storey Terraced House,Freehold,1890,4,3,CBD PROPERTIES SEREMBAN SDN BHD
112195518,[Corner Lot] 2 Storey Elmina Green 1 Elmina West Denai Alam Shah House,1200000,Selangor,Denai Alam,2-storey Terraced House,Freehold,3360,4,4,TECH REALTORS PROPERTIES SDN BHD
114833464,"Limited Corner Renovated Unit Seri Kuching, Apartment Jalan Kuching",210000,Kuala Lumpur,Jalan Kuching,Apartment,Freehold,778,3,2,N/A
114158265,Jalan Permas 13 Bandar Baru Permas Jaya 2 Tingga untuk Jual,690000,Johor,Permas Jaya,2-storey Terraced House,Freehold,1400,4,3,The Roof Realty Sdn.Bhd
114833463,"Single Storey Terrace House at Taman Suria, Jalan Muara Tuang For Sale",330000,Sarawak,Kuching,1-storey Terraced House,Leasehold,1549,3,2,Affluence Properties
114663367,Full Loan Cash Out Kulai Kelapa Sawit Scientex,358000,Johor,Kulai,2.5-storey Terraced House,Freehold,1713,5,3,One Union Group Sdn Bhd
107715435,[Corner Lot] 2 Storey Ilham Residence 1 Elmina East Denai Alam House,999000,Selangor,Denai Alam,2-storey Terraced House,Freehold,2341,5,3,TECH REALTORS PROPERTIES SDN BHD
111543378,2 Storey Semi D Elmina Green The Eighth 8 Elmina West Denai Alam House,1700000,Selangor,Denai Alam,Semi-Detached House,Freehold,3069,5,5,TECH REALTORS PROPERTIES SDN BHD
111032383,[Below Market] 2 Storey Ilham Residence 2 Elmina East Denai Alam House,900000,Selangor,Denai Alam,2-storey Terraced House,Freehold,2091,4,4,TECH REALTORS PROPERTIES SDN BHD
114618704,2 Storey Corner Terrace Lestari Perdana 8 Taman Equine Seri Kembangan,825000,Selangor,Seri Kembangan,2-storey Terraced House,Leasehold,2935,6,3,Azmi Real Estate Agency Sdn Bhd
100423175,[END LOT] 2 Storey Terrace Regia Elmina East Elmina Gardens Denai Alam,1250000,Selangor,Denai Alam,2-storey Terraced House,Freehold,2862,5,5,TECH REALTORS PROPERTIES SDN BHD
114833461,[FOR SALE] Rumah Teres Setingkat di Taman Kuantan Jaya,285000,Pahang,Kuantan,1-storey Terraced House,Leasehold,1320,3,2,AFZ Reality Sdn Bhd
113623884,RUMAH SEPARA PERABOT DAH SIAP RENOVATE & EXTEND Taman Sri Indah Cheras,435000,Selangor,Cheras,2-storey Terraced House,Leasehold,990,3,3,LANDSWORTH PROPERTIES
114833430,"RENO Pangsapuri Elite, Taman Mas, Puchong For Sale",220000,Selangor,Puchong,Apartment,Leasehold,1100,3,2,IQI REALTY SDN BHD
114833429,"Double Storey Terraced House, Bandar Bukit Mahkota, Kajang",390000,Selangor,Kajang,2-storey Terraced House,Freehold,990,4,3,Legacy Real Property Sdn Bhd
114732484,FACING OPEN & TERMURAH - Irama Perdana Lbs Puncak Alam,435000,Selangor,Puncak Alam,2-storey Terraced House,Leasehold,1200,4,3,Gather Property Sdn Bhd PJS Branch
109563402,[Renovated] 2 Storey Terrace Elmina Green 3 Denai Alam Shah Alam House,860000,Selangor,Denai Alam,2-storey Terraced House,Freehold,2265,5,4,TECH REALTORS PROPERTIES SDN BHD
114755172,"REX Apartment, BDC - STUTONG",580000,Sarawak,Kuching,Apartment,Leasehold,1075,3,2,Borneo Real Estate
114731576,"FURNISHED Apartment, STUTONG TIARRA 2",500000,Sarawak,Kuching,Apartment,Freehold,957,3,2,Borneo Real Estate
114614884,"FURNISHED Apartment, TABUAN-STUTONG",500000,Sarawak,Kuching,Apartment,Leasehold,1739,3,2,Borneo Real Estate
114541720,"2ND FLOOR Apartment, STUTONG HEIGHT 2",388000,Sarawak,Kuching,Apartment,Freehold,1055,3,2,Borneo Real Estate
114733641,"FULL LOAN & MURAH - Le Jardine Deluxe Condominium, Pandan Indah Ampang",330000,Selangor,Ampang,Apartment,Leasehold,982,3,2,Gather Property Sdn Bhd PJS Branch
114770190,Termurah🔥Renovate Non Bumi 📌Semua Boleh🏡 Cyberjaya Bandar Nusaputra,560000,Selangor,Puchong,2-storey Terraced House,Leasehold,2000,4,3,Chester Properties TD
114451770,TAK MENGHADAP PINTU RUMAH LAIN! MOVE-IN CONDITION Taman Bukit Semenyih,410000,Selangor,Semenyih,2-storey Terraced House,Freehold,1302,4,3,LANDSWORTH PROPERTIES
114833457,"REFURBISHED ENDLOT! Storey Terrace Taman Telipot 3A, Bukit Sentosa",328000,Selangor,Bukit Beruntung,1-storey Terraced House,Freehold,1390,3,1,IQI REALTY SDN BHD
105861814,[Renovated Unit] 2 Storey Semi D Reesia Elmina Gardens Denai Shah Alam,1700000,Selangor,Denai Alam,Semi-Detached House,Freehold,3246,5,5,TECH REALTORS PROPERTIES SDN BHD
114753795,"SIZE BESAR & FULL LOAN - 2 Storey Cahaya Height, Seksyen U9 Shah Alam",550000,Selangor,Shah Alam,2-storey Terraced House,Leasehold,1830,4,3,Gather Property Sdn Bhd PJS Branch
114622119,"Non Bumi Semua Bangsa Boleh‼️Jalan Mawar, Taman Puchong Perdana",430000,Selangor,Puchong,1-storey Terraced House,Leasehold,1300,3,2,Chester Properties TD
114597497,"Non Bumi, Renovated 🏡2-Storey Bandar Nusaputra, Presint 1, Puchong",580000,Selangor,Puchong,2-storey Terraced House,Leasehold,2000,4,3,Chester Properties TD
114419151,"Facing open, Refurbished, Freehold Bukit Puchong‼️2-Storey Terrace BP",530000,Selangor,Puchong,2-storey Terraced House,Freehold,1300,4,3,Chester Properties TD
114566303,LOKASI CANTIK! KAWASAN MATANG! BAWAH MV! Seksyen 8 Bandar Baru Bangi,470000,Selangor,Bangi,2-storey Terraced House,Leasehold,1302,4,3,LANDSWORTH PROPERTIES
114790514,EXTENDED RENOVATED FREEHOLD UNIT Taman Kajang Baru Jalan Sungai Jelok,395000,Selangor,Kajang,2-storey Terraced House,Freehold,863,3,3,LANDSWORTH PROPERTIES
113888349,"[20X70] 2 Storey Terrace House, Desa 12 , Bandar Country Homes Rawang",385000,Selangor,Rawang,2-storey Terraced House,Freehold,1400,4,3,VPG Realty
113887501,"1 sty terrace CORNER , 2688SF Taman Presij III, renovated  balik pulau",545000,Penang,Balik Pulau,1-storey Terraced House,Freehold,1400,3,2,SINCERE REALTY
114407550,Skudai Taman Damai Jaya Jalan Makmur L.Cost Double Storey House,358000,Johor,Skudai,2-storey Terraced House,Freehold,770,3,2,Royce Properties
114456011,"900sqft, Level 3 Fully Furnished De Bayu Apartment, Setia Alam",335000,Selangor,Setia Alam,Apartment,Freehold,900,3,2,ESP PROPERTIES SDN BHD
113845539,PREMIUM And Spacious Condominium Iskandar Puteri Near Tuas,548275,Johor,Iskandar Puteri,New Condominium,Freehold,1208,4,3,Gplex Realty
113341974,"Teres Laman 1 Tingkat |  Lot Bumiputera | Bantuan PKPJ RM5,000",405450,Johor,Johor Bahru,New 1-storey Terraced House,Freehold,1234,3,2,N/A
113915235,LA CASA LUNAS KEDAH Teres 2 Tingkat For Sale,442000,Kedah,Lunas,2-storey Terraced House,Freehold,1430,4,3,Oriental Real Estate Sdn Bhd
114053845,Desa Budiman Bandar Sungai Long fully renovated for sale,650000,Selangor,Cheras,2-storey Terraced House,Leasehold,1900,4,3,Oriental Real Estate Sdn Bhd
114761185,"Easy Access To CIQ & Highway,Service Apartment Kempas Utama",485000,Johor,Johor Bahru,Service Residence,Freehold,980,3,2,Indah Bumi Global Management
114401808,"[38x65] 3 Sty CORNER LOT , Scientex Kundang, Kundang Jaya ,Rawang",690000,Selangor,Rawang,3-storey Terraced House,Freehold,2470,5,3,VPG Realty
113151163,"[20x70] 2 Sty Terrace House , Blooming, Garland ,Kota emerald ,Rawang",790000,Selangor,Rawang,2-storey Terraced House,Freehold,1400,4,3,VPG Realty
111184141,"[18x80] 2 Sty Terrace House , Acacia Park ,Bandar Tasik Puteri ,Rawang",399000,Selangor,Rawang,2-storey Terraced House,Leasehold,1440,4,3,VPG Realty
111184125,"[Below Market] 2 Sty Terrace, Garden Heights ,Phase 3 , Tasik Puteri",420000,Selangor,Rawang,2-storey Terraced House,Leasehold,1500,4,3,VPG Realty
114558463,"23’X70’, End Lot Single Storey Taman Jati Klang ( Extended Kitchen )",420000,Selangor,Klang,1-storey Terraced House,Freehold,1100,3,2,ESP PROPERTIES SDN BHD
114833399,"Freehold  3 Storey Bayan Parkhomes, Batang Kali For Sale",460000,Selangor,Batang Kali,3-storey Terraced House,Freehold,1847,4,4,IQI REALTY SDN BHD
114833398,RENOVATED 2 Storey Semi-D Cluster Bandar Tasik Puteri BTP6 Rawang,400000,Selangor,Rawang,Cluster House,Leasehold,1500,4,3,HEBAT REALTORS SDN BHD
113298463,Taman Ikan Emas / Cheras LRT Nearby | Leasehold | Low Deposit,300000,Kuala Lumpur,Cheras,Condominium,Leasehold,748,3,2,The Roof Realty SDN BHD
114798848,"[BIG EXTRA LAND, CORNER] Ampang, Taman Ampang Jaya, 2 Storet Bungalow",2400000,Selangor,Ampang,Bungalow House,Leasehold,7200,5,5,TRANSASIA PROPERTY CONSULTANCY SDN BHD
114706836,"Senzville, sungai ara, 1080sft, 2 car park",510000,Penang,Sungai Ara,Condominium,Freehold,1080,3,2,EUM Realty
114566853,Cheras Suntex MRT Studio For Sales | below market|You Vista,350000,Selangor,Cheras,Service Residence,Freehold,504,1,1,The Roof Realty SDN BHD
112694017,[Fully Reno & Move In 2 Storey Semi-D] -4080sf -Bukit Gambir Gelugor,2400000,Penang,Gelugor,Semi-Detached House,Freehold,4080,5,5,Gather Properties Sdn Bhd
110314300,[CORNER & CHEAPEST 3 Sty Bungalow] Private Lift-Minden Height Gelugor,3186000,Penang,Minden Heights,Bungalow House,Freehold,6000,6,8,Gather Properties Sdn Bhd
114679862,Gelang Patah Desa Paya Mengkuang Jalan Jurangan Double Storey House,405000,Johor,Gelang Patah,2-storey Terraced House,Freehold,880,3,2,Royce Properties
114676559,Permas Jaya Bandar Baru Permas Jaya Jalan Permas L.Cost Flat Level 5,208000,Johor,Permas Jaya,Flat,Freehold,850,3,2,Royce Properties
114820296,SELL — SUPERB LOW DENSITY Freehold Jelutong Condominium Future LRT,950000,Penang,Jelutong,Condominium,Freehold,1646,4,3,Polygon Properties Sdn Bhd
114798461,"[Murah] 2Storey Terrace RENO, BBK Bandar Baru Kundang,  Kundang Jaya",395000,Selangor,Rawang,2-storey Terraced House,Leasehold,1800,4,3,E Trend Realty Sdn Bhd
114660071,Kulai Taman Saga Jalan Saga L.Cost Single Storey Terrace House,288000,Johor,Kulai,1-storey Terraced House,Freehold,1040,2,1,Royce Properties
114644685,Masai Bandar Baru Seri Alam Maya Height Double Storey Terrace House,600000,Johor,Masai,2-storey Terraced House,Freehold,1300,4,3,Royce Properties
114207251,"[ENDLOT] 2Storey Terrace NEW house Acacia, Bandar Tasik Puteri, Rawang",550000,Selangor,Rawang,2-storey Terraced House,Leasehold,1900,4,3,E Trend Realty Sdn Bhd
114331789,Teres 2 tingkat Kota Jembal,368000,Terengganu,Kuala Terengganu,2-storey Terraced House,Leasehold,1711,4,3,QUALITY HOMES
114491563,Skudai Taman Universiti Jalan Kejayaan Single Storey Terrace House,398000,Johor,Skudai,1-storey Terraced House,Freehold,1040,3,1,Royce Properties
114472316,"Double Storey Terrace @ M Residence 2, Bandar Tasik Puteri, Rawang",410000,Selangor,Rawang,2-storey Terraced House,Leasehold,1900,4,3,E Trend Realty Sdn Bhd
114282527,"Taman Desa Jaya, Kepong",530000,Kuala Lumpur,Kepong,1-storey Terraced House,Leasehold,1400,3,2,Meridin Properties Sdn Bhd
113124007,Semi D Salor Kota Bharu,355000,Kelantan,Kota Bharu,Semi-Detached House,Freehold,1272,4,3,QUALITY HOMES
114702242,SALE — M-VISTA STUDIO Limited Good Investment Bayan Lepas Waterfront,380000,Penang,Bayan Lepas,Condominium,Freehold,537,1,1,Polygon Properties Sdn Bhd
114833420,"RENOVATED! Double Storey, Setia Impian 3, Setia Alam",620000,Selangor,Setia Alam,2-storey Terraced House,Freehold,1500,4,3,Maxxan Realty Sdn Bhd
114833419,"20x90! Double Storey, SS 7 Kelana Jaya, Petaling Jaya",850000,Selangor,Kelana Jaya,2-storey Terraced House,Freehold,1800,4,3,Maxxan Realty Sdn Bhd
114833418,"CORNER LOT! 2-Storey, Taman Equine Lestari Perdana 8, Seri Kembangan",800000,Selangor,Seri Kembangan,2-storey Terraced House,Leasehold,3010,6,3,Maxxan Realty Sdn Bhd
114833417,"Extended Double Storey Terraced House, Bandar Tasik Kesuma, Semenyih",380000,Selangor,Semenyih,2-storey Terraced House,Freehold,1600,4,3,Legacy Real Property Sdn Bhd
111358187,"New VP 2 Storey 24x80ft, Elmina Green 7, Elmina Denai Alam",980000,Selangor,Denai Alam,2-storey Terraced House,Freehold,2477,4,4,IQI REALTY SDN BHD
114609469,【2 PARKING LOT🔥】100% FULL LOAN✅ Suri Puteri Apt Shah Alam 0% DEPOSIT✅,350000,Selangor,Shah Alam,Service Residence,Leasehold,1013,3,2,THE INFINITE ESTATE SDN BHD
114148728,【 OFFER 100% FULL LOAN🔥】Green Villa Apartment Kajang 【0% DEPOSIT✅】,228000,Selangor,Kajang,Apartment,Freehold,900,3,2,THE INFINITE ESTATE SDN BHD
113927952,【OFFER 100% LOAN🔥】Rista Villa Apartment Taman Putra Perdana Puchong,100000,Selangor,Puchong,Apartment,Leasehold,606,3,2,THE INFINITE ESTATE SDN BHD
114619734,【100% FULL LOAN🔥】Residensi Begonia TTDI Glove Kajang 【0% DEPOSIT✅】,160000,Selangor,Kajang,Apartment,Leasehold,700,3,2,THE INFINITE ESTATE SDN BHD
114755164,"RIVERVALE Condominium, STUTONG",490000,Sarawak,Kuching,Studio,Leasehold,748,2,1,Borneo Real Estate
114608003,"100% LON, Terres Setingkat, STUTONG BARU",265000,Sarawak,Kuching,1-storey Terraced House,Freehold,750,2,1,Borneo Real Estate
114755153,"4.32PTS, Double Storey, JLN STUTONG",780000,Sarawak,Kuching,2-storey Terraced House,Leasehold,1900,4,3,Borneo Real Estate
114207905,"SEMI D, Double Storey, STUTONG BARU",1600000,Sarawak,Kuching,Semi-Detached House,Leasehold,2200,4,3,Borneo Real Estate
114833381,GROUND FLOOR - Andari Townville 1 Blok C3A  @ Selayang Heights,360000,Selangor,Batu Caves,Apartment,Leasehold,1108,3,2,IQI REALTY SDN BHD
114833380,"[💥CORNER LOT💥] 1 Storey Terrace Fasa 7 Bandar Tasik Kesuma, Semenyih",419000,Selangor,Semenyih,1-storey Terraced House,Freehold,2340,3,2,Renstar Properties
114833379,"[💥CORNER UNIT💥] Putra 1 Apartment, Bandar Seri Putra Bangi",359000,Selangor,Bangi,Apartment,Freehold,1024,3,2,Renstar Properties
114833377,"1026sqft Freehold The Louvre Residence, Lebuhraya Silk, Kajang",307000,Selangor,Kajang,Service Residence,Freehold,1026,2,2,LELONG COM SDN BHD
114833375,FREEHOLD 🔥 Apartment Asteria Bandar Parkland Klang,285000,Selangor,Klang,Apartment,Leasehold,840,3,2,Great Casa Realty
114833373,Tanah Banglo Lot Bangi Dato Abu Bakar Baginda Putrajaya Sg Merab,336000,Selangor,Bangi,Residential Land,Freehold,6400,N/A,N/A,Megaharta Real Estate
113838269,Semid setingkat taman orkid paka dungun terengganu(FULLY RENOVATED),358000,Terengganu,Paka,Semi-Detached House,Freehold,3390,4,2,esp properties
114833410,SKS Pavillion Residences Fully Renovated & Fully Furnished Dual Key,868000,Johor,Johor Bahru,Condominium,Freehold,780,2,2,Gather Properties
114678332,2 Storey Terrace House Sunway Kayangan Jln Ungu U9 Shah Alam For Sale,599990,Selangor,Shah Alam,2-storey Terraced House,Leasehold,2100,4,3,Chester Properties Sdn Bhd
114734394,Anyaman Residence Sg Besi Walking To Tbs Freehold Fully Furnished,500000,Kuala Lumpur,Kuchai Lama,Condominium,Freehold,935,3,2,Crystal Realtors Sdn Bhd
112893983,PJ Studio 1 Bedroom Low Density 6 min to Sunway Pyramid,245000,Selangor,Petaling Jaya,Service Residence,Leasehold,450,1,1,Crystal Realtors Sdn Bhd
114665882,Cantik‼️Renovated & Extended‼️Gated Guarded Taman Saujana Puchong SP7,480000,Selangor,Puchong,2-storey Terraced House,Leasehold,1260,4,3,Chester Properties TD
114662792,Freehold ‼️House Extended🔥 Kitchen Cabinet Ready ✅Taman Puchong Utama,460000,Selangor,Puchong,2-storey Terraced House,Freehold,1435,4,3,Chester Properties TD
114633346,"Non Bumi Unit Facing Open, Xtra Parking🏡2-Storey Taman Puchong Intan",380000,Selangor,Puchong,2-storey Terraced House,Leasehold,1100,3,2,Chester Properties TD
114597254,Termurah🔥Renovated| Non Bumi|Nusaputra Presint 1 Teres 2-Storey 🏡,570000,Selangor,Puchong,2-storey Terraced House,Leasehold,1400,4,3,Chester Properties TD
114762768,Big 20x80 🔥Full Reno 📌Gated Guard 📌Bandar Nusaputra P1 Cyberjaya,600000,Selangor,Cyberjaya,2-storey Terraced House,Leasehold,2200,4,3,Chester Properties TD
109704091,Bandar Sultan Sulaiman For Sale,270000,Selangor,Port Klang,1-storey Terraced House,Leasehold,1120,5,2,The Roof Realty Sdn Bhd
113056504,PJ Rarest Low Density Living 6min Drive To Sunway Pyramid,250070,Selangor,Petaling Jaya,Service Residence,Leasehold,452,1,1,Crystal Realtors Sdn Bhd
113903687,Best Buy PPA1M Metropolitan in Unio Residence Kepong Kuala Lumpur,440000,Kuala Lumpur,Kepong,Apartment,Leasehold,1200,4,2,GT Nelson Realty Sdn Bhd
114682652,"[24X65] 2Storey Terrace House , Taman Pelangi 2 ,Kota Emerald, Rawang",440000,Selangor,Rawang,2-storey Terraced House,Freehold,1560,4,3,VPG Realty
114070368,Double Storey House Semenyih Nearby Ecohill Taipan,378000,Selangor,Semenyih,2-storey Terraced House,Freehold,1700,4,3,Crystal Realtors Sdn Bhd
113797167,Newly Completed BotaniQa PJ Ready To Move In Near Sunway,410000,Selangor,Petaling Jaya,Condominium,Leasehold,850,3,2,Crystal Realtors Sdn Bhd
113691492,Raffel Residence 199 Bukit Gambier 3 Storey Terrace Renovated,2000000,Penang,Gelugor,3-storey Terraced House,Freehold,3600,6,6,IQI Reality Sdn Bhd
114833407,"Renovated - Seasons Garden Residence, Wangsa Maju KL",450000,Kuala Lumpur,Wangsa Maju,Service Residence,Leasehold,770,3,2,Maxxan Realty
113447785,Taman Rasah Jaya 2-Storey REFURBISHED OPEN FACING 14 x 60 FOR SALE,220000,Negeri Sembilan,Rasah,2-storey Terraced House,Freehold,840,3,2,IQI REALTY SDN. BHD.
114392749,Rumah mewah gated guarded full loan free lawyer fee stamp duty,383000,Johor,Kluang,2-storey Terraced House,Freehold,1980,4,3,PA International Property Sdn Bhd
114778893,boleh cash out 30k boleh full loan 4bilik,366000,Johor,Kluang,1-storey Terraced House,Freehold,2000,4,2,PA International Property Sdn Bhd
113900453,"[20x65] 2 Storey Terrace - Birch, M Residence 2, Tasik Puteri, Rawang",438000,Selangor,Rawang,2-storey Terraced House,Leasehold,1300,4,3,VPG REALTY SDN BHD
110571763,"[Nice+Reno+Extend] 2 Storey Terrace - Egreta, Saujana Rawang, Anggun",520000,Selangor,Rawang,2-storey Terraced House,Leasehold,1650,4,4,VPG REALTY SDN BHD
107479462,"[Facing Empty] 2 Storey End Lot - Desa 4 Bandar Country Homes, Rawang",358000,Selangor,Rawang,2-storey Terraced House,Freehold,1170,4,3,VPG REALTY SDN BHD
114597165,"[FOR SALE] Rumah Teres Setingkat di Prima Gambang, Kuantan",240000,Pahang,Kuantan,1-storey Terraced House,Leasehold,1399,3,2,AFZ Reality Sdn Bhd
114805292,"[Extended] 2 Storey Terrace - Green Valley Park, Tasik Puteri, Rawang",338000,Selangor,Rawang,2-storey Terraced House,Leasehold,1040,4,3,VPG REALTY SDN BHD
110878062,"[New+Murah] 2 Storey Terrace - Illaria Hillside, Gamuda Garden, Rawang",638000,Selangor,Rawang,2-storey Terraced House,Leasehold,1462,3,3,VPG REALTY SDN BHD
110456701,"[Nice+Murah] 2 Storey Terrace - Cassis, Kota Emerald, Anggun, Rawang",470000,Selangor,Rawang,2-storey Terraced House,Freehold,1500,4,3,VPG REALTY SDN BHD
113802225,Lake Vista Bandar Tun Hussein Onn Facilities Floor For Sale,480000,Selangor,Cheras,Condominium,Freehold,1050,3,2,Oriental Real Estate Sdn Bhd
113455239,"Booking 1k, Full Loan !! Milik 1Storey House, Bdr Rinching Semenyih",329000,Selangor,Semenyih,1-storey Terraced House,Freehold,1300,3,2,MAXXAN REALTY SDN BHD
114587170,"100% Loan !! Condition Cantik² 1Storey House,Tmn Cheras Perdana CP3",355000,Selangor,Cheras,1-storey Terraced House,Freehold,990,3,2,MAXXAN REALTY SDN BHD
114805361,Ground Floor Murah 180k Dahlia Apartment Taman Putra Perdana Puchong,180000,Selangor,Puchong,Apartment,Leasehold,663,3,2,Esprit Estate Agent Sdn Bhd
114833333,Teres setingkat taman baluk baru fasa 2,270000,Pahang,Bandar Pusat Jengka,Terraced House,Leasehold,1300,3,2,AFZ Realty sdn bhd
114635182,100% Loan !!  Partially Furnished 2Storey House Setia Ecohill Semenyih,535000,Selangor,Kajang,2-storey Terraced House,Freehold,1700,4,3,MAXXAN REALTY SDN BHD
114711239,【100% FULL LOAN🔥】Langat Jaya Condo Hulu Langat Cheras 【0% DEPOSIT✅】,240000,Selangor,Cheras,Condominium,Freehold,936,3,2,THE INFINITE ESTATE SDN BHD
113686057,【 OFFER 100% FULL LOAN🔥】De Cemara Apartment Setia Alam 【 0% DEPOSIT✅】,220000,Selangor,Setia Alam,Apartment,Freehold,750,3,2,THE INFINITE ESTATE SDN BHD
114561915,【 FULL LOAN✅ 0% DEPOSIT🔥】 Pangsapuri Saujana Permai 2 Mutiara Height,235000,Selangor,Kajang,Apartment,Freehold,1001,3,2,THE INFINITE ESTATE SDN BHD
113928615,【100% FULL LOAN🔥】Pangsapuri Harmoni 1 Putra Heights【0% DEPOSIT✅】,280000,Selangor,Putra Heights,Apartment,Freehold,800,3,2,THE INFINITE ESTATE SDN BHD
114361994,Taman Kasih Kuala Sungai for sale,299000,Kedah,Alor Setar,1-storey Terraced House,Freehold,1200,3,2,Oriental Real Estate Sdn Bhd
113860093,Bukit Mertajam 2 storey corner house Huge extra land 2690sf park 5 car,900000,Penang,Bukit Mertajam,2-storey Terraced House,Freehold,2690,3,2,The Roof Realty
108889797,[MOVE IN] Rebuilt & Renovate- Sui 2.5 Sty Terrace-Brown Garden Gelugor,1750000,Penang,Gelugor,2.5-storey Terraced House,Freehold,3000,5,4,Gather Properties Sdn Bhd
113416664,[Must View] Renovated 2.5 Sty Semi D -Ashley Green Gelugor,2590000,Penang,Gelugor,Semi-Detached House,Freehold,3921,5,5,Gather Properties Sdn Bhd
109345806,[CHEAPEST BUNGALOW] Minden Height Gelugor-fully renovate 3 sty landed,2200000,Penang,Gelugor,Bungalow House,Freehold,4518,6,6,Gather Properties Sdn Bhd
108872621,[Must View] CORNER Unit-Renovated 2.5 Sty Semi D -Ashley Green Gelugor,2590000,Penang,Gelugor,Semi-Detached House,Freehold,4050,5,6,Gather Properties Sdn Bhd
113172696,Sri Pulai 3 Sikamat Seremban (24x75 Size Fully Renovated)Impian Penaga,570000,Negeri Sembilan,Sikamat,2-storey Terraced House,Freehold,1800,4,3,CBD PROPERTIES SEREMBAN SDN BHD
114833370,GOOD INVEST Seri Sri Tanjung Intana Ria Seksyen 7 Bangi Apartment,163000,Selangor,Bangi,Apartment,Leasehold,800,3,2,Megaharta Real Estate
112815187,"Menara Indah Apartment, Taman TAR Ampang",460000,Selangor,Ampang,Condominium,Leasehold,1098,2,2,Meridin Properties Sdn Bhd
114821291,Taman Tunku Yaakob Rumah Baru Alor Setar for Sale,400000,Kedah,Alor Setar,2-storey Terraced House,Freehold,2000,4,3,Oriental Real Estate Sdn Bhd
114558644,"[ENDLOT] 2Storey Terrace @ Acacia Park, Bandar Tasik Puteri, Rawang",580000,Selangor,Rawang,2-storey Terraced House,Leasehold,2626,4,3,E Trend Realty Sdn Bhd
114101320,"[22x80] 2 Storey Freehold Corner Lot, M Residence 1, Rawang",768000,Selangor,Rawang,2-storey Terraced House,Freehold,3248,4,3,E Trend Realty Sdn Bhd
114833317,FACING OPEN! FULL LOAN Double Storey Taman Putra Ampang,350000,Selangor,Ampang,2-storey Terraced House,Leasehold,700,2,1,IQI Realty Sdn Bhd
114833315,[Renovated] SD APARTMENT  BANDAR SERI DAMANSARA,320000,Selangor,Bandar Sri Damansara,Apartment,Freehold,881,3,2,Maxxan Realty
114833313,"Sale of Exclusive Condominium @ Templer Impian Resort, Rawang",460000,Selangor,Rawang,Condominium,Leasehold,1530,3,2,Carey Real Estate Sdn Bhd
114833309,"DEKAT HOSPITAL Magna Ville Condominium, Selayang Batu Caves For Sale",265000,Selangor,Selayang,Condominium,Leasehold,1001,2,2,IQI REALTY SDN BHD
114833303,RESIDENCE FOR SALE @ Telok Panglima Garang,420000,Selangor,Telok Panglima Garang,Service Residence,Leasehold,657,2,1,Oriental Real Estate Sdn Bhd
114833297,No block view and Fully Renovated with Furnish Setia Sky Ville Sale,780000,Penang,Jelutong,Condominium,Freehold,1036,3,2,JT property
114281599,"Platinum III Teluk Kumbar 1320sq.ft, Bayan Lepas",540000,Penang,Bayan Lepas,Condominium,Freehold,1320,3,2,ESP Properties Sdn Bhd
114281480,"Artis 3 Condominium Full Seaview, 1173sq.ft, Jelutong",790000,Penang,Jelutong,Condominium,Freehold,1173,3,2,ESP Properties Sdn Bhd
114273378,"CHEAPEST UNIT ! 2.5 Storey Semi D, Puncak Bangi, Bandar Baru Bangi",1580000,Selangor,Bangi,Semi-Detached House,Leasehold,3965,7,6,ERA REALTOR SDN. BHD
114412089,Bandar Sungai Long Cheras Open For Booking,699000,Selangor,Bandar Sungai Long,2-storey Terraced House,Freehold,2141,4,3,Oriental Real Estate Sdn Bhd
114598876,Senai Taman Senai Utama Jalan Senai Utama C.Lot Single Storey House,580000,Johor,Senai,1-storey Terraced House,Freehold,3096,5,3,Royce Properties
114487968,Gelang Patah Setia Eco Garden Jln Laman Setia 1.5 Storey Terrace House,598000,Johor,Gelang Patah,1.5-storey Terraced House,Freehold,1540,3,2,Royce Properties
114735565,Perai Kampung Jawa Jalan Laguna Pinang Laguna Water Park Condominium,398000,Penang,Perai,Condominium,Freehold,954,4,2,Royce Properties
114833366,Open Facing Unit Taman Desa Aman Padang Serai,220000,Kedah,Padang Serai,Terraced House,Freehold,1194,3,2,Afz Realty
114779460,Ulu Tiram Tmn Bestari Indah Jln Bestari L.M.Cost Double Storey House,375000,Johor,Ulu Tiram,2-storey Terraced House,Freehold,770,3,2,Royce Properties
114633669,"Rini Hills, Taman Mutiara Rini",748000,Johor,Skudai,Terraced House,Leasehold,2163,4,4,ONE MAKER REALTY
114796405,EXCLUSIVE END LOT BUNGALOW 2-Storey @ Presint 10 Putrajaya,2820000,Putrajaya,Putrajaya,Bungalow House,Freehold,7158,6,5,IQI Realty Sdn Bhd
114833362,Freehold Seri Pelangi Setapak Condominium For Sale,300000,Kuala Lumpur,Setapak,Condominium,Freehold,938,3,2,IQI REALTY SDN BHD
114833361,jalan raja abdul rahman taman muhibbah bukit kapar batu 10 klang meru,230000,Selangor,Kapar,2-storey Terraced House,Freehold,880,2,1,zilin properties
114787291,pulai mutiara 0%Dp UNBLOCK View gelang patah,540000,Johor,Iskandar Puteri,2-storey Terraced House,Freehold,1660,4,3,THE ROOF REALTY SB
114805720,BELOW MARKET Taman Desa Mayang Sari 2 Storey House Laman Orkid Nilai,428000,Negeri Sembilan,Nilai,2-storey Terraced House,Freehold,1844,4,4,GT Nelson Realty Sdn Bhd
114653604,pulai 0%Dp mutiara setia eco gelang garden patah,715000,Johor,Gelang Patah,2-storey Terraced House,Freehold,2607,4,3,THE ROOF REALTY SB
114519072,nusa bayu 0%Dp gelang patah,660000,Johor,Iskandar Puteri,2-storey Terraced House,Freehold,1400,4,3,THE ROOF REALTY SB
113554177,Double Storey Cluster / below market value Tmn Tropika Kulai （D'Art）,838000,Johor,Kulai,Cluster House,Freehold,2210,4,4,Green Home Property Hub Sdn Bhd
113456692,Single Storey |100% loan cover Jln Kancil Pasir Gudang |X face house,379000,Johor,Pasir Gudang,1-storey Terraced House,Freehold,1400,3,2,Green Home Property Hub Sdn Bhd
112459400,"R&F Princess Cove |5 Min to CIQ, High Demand Area, High-End Facilities",800000,Johor,Johor Bahru,Service Residence,Freehold,873,2,1,Green Home Property Hub Sdn Bhd
111993980,Fully Renovated 2 Storey Terrace Merbau Bandar Putra |Dis 40K!!!!,560000,Johor,Kulai,2-storey Terraced House,Freehold,1400,4,3,Green Home Property Hub Sdn Bhd
113142586,Renovated Double Storey Terrace | Discount RM 80K!! Sri Pulai Perdana,530000,Johor,Johor Bahru,2-storey Terraced House,Freehold,1400,4,3,Green Home Property Hub Sdn Bhd
114833358,Taman Bandar Ekar Fasa 5,260000,Negeri Sembilan,Rantau,1-storey Terraced House,Freehold,1301,3,2,MLP Properties Sdn Bhd
114833357,"SUPER CHEAPEST ! Double Storey Terrace, Taman Pandan Indah, Ampang",650000,Selangor,Ampang,2-storey Terraced House,Leasehold,2400,5,3,ERA REALTOR SDN. BHD
114833356,Single Storey Terrace House For Sale Jp Perdana Austin,588000,Johor,Setia Indah,1-storey Terraced House,Freehold,1400,3,2,CBD Properties Sdn Bhd
114558647,"RENO 2.5 Storey Corner @ Emerald Garden, Kota Emerald, Rawang",1070000,Selangor,Rawang,2.5-storey Terraced House,Freehold,4200,6,7,E Trend Realty Sdn Bhd
114833353,D'Ambience @ Permas Jaya (High Floor),360000,Johor,Johor Bahru,Apartment,Freehold,867,2,2,The Roof Realty
114453472,"[22x80] 2Storey Freehold, M Residence 1, Bandar Tasik Puteri, Rawang",530000,Selangor,Rawang,2-storey Terraced House,Freehold,2100,5,5,E Trend Realty Sdn Bhd
114833350,1K Deposit ✅ Shamelin Star Cheras 1054sf Below Market No Down.P ✅,634000,Kuala Lumpur,Cheras,Service Residence,Leasehold,1054,4,3,The Infinite Realty
114081500,"[32x65] 2 Storey SEMI D, M Residence 2, Caspia, Rawang Tasik Puteri",535000,Selangor,Rawang,Semi-Detached House,Leasehold,2205,4,3,E Trend Realty Sdn Bhd
114833293,"Single Storey Corner House at Sin San Tu, Moyan Batu Kawa",420000,Sarawak,Kuching,1-storey Terraced House,Leasehold,3361,3,3,IQI REALTY SDN BHD
114833291,Prima Regency/ Plentong /3bedroom /Fullloan/For Sale,320000,Johor,Johor Bahru,Service Residence,Freehold,1055,3,2,N/A
114685551,Facing Open📌Murah Mampu Milik & Cat Baru ✨Taman Puchong Intan📌,389000,Selangor,Puchong,2-storey Terraced House,Leasehold,1000,3,2,Chester Properties TD
114424129,"Murah betul, Dapur Besarr Taman Desiran Bayu‼️2-storey Terrace Puchong",462000,Selangor,Puchong,2-storey Terraced House,Leasehold,1440,4,3,Chester Properties TD
113991467,Nonbumi semua bangsa boleh🔥4 Bilik + 2 toilet 📌Taman Puchong Perdana,415000,Selangor,Puchong,2-storey Terraced House,Leasehold,1260,4,2,Chester Properties TD
114833348,Pangsapuri Sri Delima Flat with fully furnished @ Seri Alam,180000,Johor,Masai,Flat,Freehold,750,3,2,Vivahomes Realty J Sdn Bhd
114733143,Murah Rumah Ni🔥LRT & Masjid dekat Jalan Perdana PUCHONG PERDANA,400000,Selangor,Puchong,2-storey Terraced House,Leasehold,1200,4,2,Chester Properties TD
114743633,"Full Loan🩵MesaHill Nilai,N9 near InTi,USIm Fully Furnished NB",270000,Negeri Sembilan,Nilai,Service Residence,Freehold,720,2,2,TARAS PROPERTY
114833346,"Single Storey Semi D Taman Desa Mawar, Tanjung Karang, Selangor",265000,Selangor,Tanjong Karang,Semi-Detached House,Leasehold,3201,3,2,IQI REALTY SDN BHD
114833345,"Flexible Deposit APARTMENT RIA, TAMAN SRI EHSAN, KEPONG For Sale",290000,Kuala Lumpur,Kepong,Apartment,Leasehold,915,3,2,IQI REALTY SDN BHD
112342823,Ixora Heights/Sungai Nibong/960sf/Partial Furnished/1 Car Park,480000,Penang,Sungai Nibong,Condominium,Freehold,960,3,2,EUM Realty Sdn Bhd Penang Branch
114131355,[TERBARU] Rumah Mampu Milik 2 Tingkat + Full Loan 100%,392850,Negeri Sembilan,Bandar Sri Sendayan,New 2-storey Terraced House,Freehold,1400,4,3,MATRIX CONCEPT SDN BHD
113897927,[Renovated] 1 Storey Bungalow @ Taman Tuanku Jaafar Senawang,649000,Negeri Sembilan,Senawang,Bungalow House,Freehold,4500,5,3,Landsworth Property
113059671,[New] CORNER UNIT 2 TINGKAT - COMPLETED UNIT,518888,Negeri Sembilan,Nilai,2-storey Terraced House,Freehold,2000,4,3,MATRIX CONCEPT SDN BHD
111858821,Pearl Garden/Sungai Ara/1200sf/Pool view/Renovated/1 Car Park/Corner,425000,Penang,Sungai Ara,Condominium,Freehold,1100,3,2,EUM Realty Sdn Bhd Penang Branch
114605552,Bandar Putera Single Storey House For Sale,355000,Selangor,Klang,1-storey Terraced House,Leasehold,2065,4,2,The Roof Realty Sdn Bhd
114833340,Double Storey Semi-D House at Jalan Lapangan Terbang,1400000,Sarawak,Kuching,Semi-Detached House,Leasehold,2500,5,3,IQI REALTY SDN BHD
114833339,Gated Unit Semi D Setingkat  Taman SP Saujana Permai ‼️,385000,Kedah,Sungai Petani,Terraced House,Freehold,2240,3,2,Afz Realty
113914382,"GATED GUARDED ! Double Storey Bungalow, Seksyen 15 Bandar Baru Bangi",990000,Selangor,Bangi,Bungalow House,Leasehold,2860,4,4,ERA REALTOR SDN. BHD
113686631,"MURAH-MURAH_Desa Pelangi Condo, Jalan Sungai Merab",255000,Selangor,Kajang,Condominium,Freehold,1066,3,2,NILAI HARTA
113897839,2 Storey Terrace Taman Dato Demang @ Bandar Putra Permai,670000,Selangor,Seri Kembangan,2-storey Terraced House,Leasehold,1300,4,3,Landsworth Property
113898040,[Murah] Double Storey Terrace Taman Seri Rahang @ Seremban,420000,Negeri Sembilan,Seremban,2-storey Terraced House,Freehold,1540,4,3,Landsworth Property
114012113,"FACING OPEN + BIG SIZE ! Double Storey, Taman Bukit Cheras, K Lumpur",850000,Kuala Lumpur,Cheras,2-storey Terraced House,Freehold,1780,4,3,ERA REALTOR SDN. BHD
114641751,Idaman Iris/Sungai Ara/850Sqft/2 Car Park/Corner Lot,388000,Penang,Sungai Ara,Apartment,Freehold,850,3,2,EUM Realty Sdn Bhd Penang Branch
110714035,Taman puchong prima amansara puchong tekali putra prima perdana,950000,Selangor,Puchong,2-storey Terraced House,Leasehold,3788,5,4,CID REALTORS SDN BHD
112986829,Bukit jalil The Esplanade,5000000,Kuala Lumpur,Bukit Jalil,Bungalow House,Freehold,6200,8,7,CID REALTORS SDN BHD
112986671,"Bungalow Land in Kuala Lumpur, Bukit Jalil Golf",3400000,Kuala Lumpur,Bukit Jalil,Residential Land,Freehold,5746,N/A,N/A,CID REALTORS SDN BHD
114361080,"[Below Market] 2 Storey Terrace - Phase 2, Scientex Rawang, Anggun",515000,Selangor,Rawang,2-storey Terraced House,Freehold,1170,4,3,VPG REALTY SDN BHD
113900451,"[New+Below Market] 3 Storey Terrace - Scientex Kundang Jaya, Rawang",519000,Selangor,Rawang,3-storey Terraced House,Freehold,1170,4,3,VPG REALTY SDN BHD
108286331,"[Nice+Renovat+Extend] 2 Storey Semi-D - Anggun 1, Kota Emerald, Rawang",1100000,Selangor,Rawang,Semi-Detached House,Freehold,2625,4,4,VPG REALTY SDN BHD
105791486,"[22x75] 2 Storey Terrace - Amethyst 3, Kota Emerald, Anggun, Rawang",510000,Selangor,Rawang,2-storey Terraced House,Freehold,1650,4,3,VPG REALTY SDN BHD
113825167,"CORNER LOT + BIG LAND ! 2-Storey Semi-D, Mutiara Gombak 2, Gombak",1800000,Selangor,Gombak,Semi-Detached House,Freehold,6600,5,6,ERA REALTOR SDN. BHD
114711178,【100% FULL LOAN🔥】【 0% DEPOSIT✅】 Cempaka Puri Apartment Nilai 850sqft,135000,Negeri Sembilan,Nilai,Flat,Freehold,850,3,2,THE INFINITE ESTATE SDN BHD
114294990,【 OFFER 100% LOAN🔥】D'Kayangan Setia Ecohill Semenyih【 0% DEPOSIT✅】,170000,Selangor,Semenyih,Apartment,Freehold,750,3,2,THE INFINITE ESTATE SDN BHD
113819964,【OFFER 100% LOAN🔥】Pangsapuri Taming Mutiara Sungai Long【 0% DEPOSIT✅】,240000,Selangor,Bandar Sungai Long,Apartment,Freehold,986,3,2,THE INFINITE ESTATE SDN BHD
112305322,【 OFFER FULL LOAN🔥】Unipark Condo UNITEN Bangi 1062sqft【0% DEPOSIT✅】,300000,Selangor,Kajang,Condominium,Freehold,1062,3,2,THE INFINITE ESTATE SDN BHD
109248509,【MURAH🔥】Pangsapuri D'Kristal Ecohill Semenyih【100% LOAN ✅】 0% DEPOSIT,185000,Selangor,Semenyih,Apartment,Freehold,810,3,2,THE INFINITE ESTATE SDN BHD
114685708,Bukit Minyak Tangkas Factory Warehouse Semi Detached For Sale,5800000,Penang,Bukit Minyak,Warehouse / Factory,Freehold,10372,N/A,N/A,The Roof Realty
114685832,Alma Signature Industrial Park 2 storey semi D Taman Industri Impian,3880000,Penang,Alma,Warehouse / Factory,Freehold,7500,N/A,N/A,The Roof Realty
114468719,Below Market Verve Suite Mont Kiara 462sf 100% Full Loan No Downpaymen,409000,Kuala Lumpur,Mont Kiara,Service Residence,Freehold,462,1,1,The Infinite Realty
114415410,"BIG LAND FREEHOLD ! 2-Storey Bungalow, Subang Hill SS 19, Subang Jaya",4800000,Selangor,Subang Jaya,Bungalow House,Freehold,10860,6,7,ERA REALTOR SDN. BHD
110976601,"Renovated LRT Vista Angkasa, Bangsar South Jalan Kerinchi Kuala Lumpur",438000,Kuala Lumpur,Bangsar South,Apartment,Leasehold,1055,4,2,D SEM HARTA CONSULTANTS
114829188,Open Title House Renovated Freehold For Sale,1300000,Selangor,Kajang,3-storey Terraced House,Freehold,3500,5,5,IQI SDN BHD
114825405,Berpeluang Tanah Strategik Untuk Dibangunkan,1700000,Selangor,Sepang,Residential Land,Freehold,1025,N/A,N/A,IQI SDN BHD
114405277,Single Storey Terrace House Taman Malawati Utama Kuala Selangor,259000,Selangor,Kuala Selangor,1-storey Terraced House,Leasehold,1300,3,2,Maxxan Realty sdn Bhd
114833257,Seri Austin 1 Double Storey Renovated Extended Limited Well Condition,598000,Johor,Johor Bahru,2-storey Terraced House,Freehold,1170,4,3,Ceiloz Realty
114517399,"Near LRT Vista Angkasa, Bangsar South, Jalan Kerinchi, Kuala Lumpur",390000,Kuala Lumpur,Bangsar South,Apartment,Leasehold,940,3,2,D SEM HARTA CONSULTANTS
114436860,"CORNER LOT + CHEAPEST ! Double Storey Semi-D, Presint 15, Putrajaya",1300000,Putrajaya,Putrajaya,Semi-Detached House,Freehold,3200,5,5,ERA REALTOR SDN. BHD
114642131,FULL LOAN ‼️ Mutiara Anggerik Serviced Apartment Seksyen 15 Shah Alam,380000,Selangor,Shah Alam,Service Residence,Leasehold,1050,3,2,Maxxan Realty sdn Bhd
108845966,Raja Uda 2 storey house Strategy Location Bagan Ajam Lotus Butterworth,780000,Penang,Bagan Ajam,2-storey Terraced House,Freehold,1301,4,2,The Roof Realty
114515785,3 Sty Terrace with Land- Minden Garden Residence Minden Height Gelugor,1800000,Penang,Gelugor,3-storey Terraced House,Freehold,2663,4,5,Gather Properties Sdn Bhd
114358817,Reno 3.5 Sty Terrace @ Raffle Residence 199 Minden Heights Gelugor,2000000,Penang,Gelugor,3.5-storey Terraced House,Freehold,3600,6,6,Gather Properties Sdn Bhd
113844378,Kulim Lunas double storey Shop Inter corner facing main road tenanted,900000,Kedah,Kulim,Shop lot,Freehold,1400,N/A,N/A,The Roof Realty
106426985,Vervea Batu Kawan 3 storey Shop office with Lift Gated Guarded nr IKEA,1600000,Penang,Batu Kawan,Shop lot,Freehold,3736,N/A,N/A,The Roof Realty
113931497,Freehold Kesuma Apartment Kasturi Bandar Kinrara 3 Puchong Jaya LRT,289999,Selangor,Bandar Kinrara,Apartment,Freehold,904,3,2,Vivahomes Realty
108360863,NEW STANDARD UNIT. Developer Unit. Wangsa 9 Residency. Wangsa Maju,1667700,Kuala Lumpur,Wangsa Maju,Condominium,Leasehold,2357,4,5,Nilai Harta Consultant
114485866,"FACING OPEN + CHEAPEST ! Double Storey Terrace, Bandar Mahkota Cheras",470000,Selangor,Bandar Mahkota Cheras,2-storey Terraced House,Freehold,1080,3,3,ERA REALTOR SDN. BHD
114583103,PANGSAPURI SRI ILHAM I SERI ALAM l NON BUMI l FULL LOAN I WITH LIFT,260000,Johor,Masai,Apartment,Freehold,850,3,2,AZMI REAL ESTATE ESTATE JB
114508970,"CORNER LOT + LIMITED UNIT ! Double Storey, Seksyen 8 Tambahan Bangi",1300000,Selangor,Bangi,2-storey Terraced House,Leasehold,5414,4,3,ERA REALTOR SDN. BHD
113668798,Sierra Residence Sungai Ara 1182sqft Poolview Balcony unit 2 Car park,460000,Penang,Sungai Ara,Condominium,Freehold,1182,3,2,Centeline Asia
114001038,"END LOT + GATED GUARDED ! Double Storey Terrace, Taman Sutera, Kajang",620000,Selangor,Kajang,2-storey Terraced House,Freehold,1800,4,3,ERA REALTOR SDN. BHD
114833252,Teres Satu Tingkat Di Taman Seremban 3 Seremban Untuk Dijual,450000,Negeri Sembilan,Seremban,1-storey Terraced House,Freehold,1500,4,2,MLP PROPERTIES
114833251,ENDLOT FREEHOLD RENOVATED Double Storey Terrace Taman Sutera Kajang,620000,Selangor,Kajang,2-storey Terraced House,Freehold,1800,4,3,SKYPROP REAL ESTATE
114833250,FREEHOLD VIEW PLAYGROUND Lake Vista Residence Bandar Tun Hussein Onn,499000,Selangor,Cheras,Condominium,Freehold,1050,3,2,SKYPROP REAL ESTATE
114833249,BOOKING 1K FULL LOAN Apartment Taman Seri Murni Fasa 2 Selayang,200000,Selangor,Selayang,Apartment,Leasehold,828,3,2,SKYPROP REAL ESTATE
114833248,FREEHOLD NEAR MRT Double Storey Taman Serdang Raya Seri Kembangan,580000,Selangor,Seri Kembangan,2-storey Terraced House,Freehold,1500,4,3,SKYPROP REAL ESTATE
114833247,FULL LOAN Mutiara Anggerik Service Apartment 1493sqft Seksyen 15,430000,Selangor,Shah Alam,Service Residence,Leasehold,1493,3,2,SKYPROP REAL ESTATE
114833243,Mount Austin Residence Single Storey Renovated Extended Southwest Unit,690000,Johor,Johor Bahru,1-storey Terraced House,Freehold,1400,5,2,Ceiloz Realty
114833242,Kota Pendamar Pandamaran Single Storey Terrace For Sale,420000,Selangor,Port Klang,1-storey Terraced House,Freehold,1170,3,2,The Roof realty sdn bhd
114833239,FACING OPEN ‼️Double Storey Semi Detached Taman Setia 2 Balakong,999999,Selangor,Balakong,Semi-Detached House,Freehold,3444,5,5,ERA Realtor Sdn Bhd
114833237,Taman Cahaya/ Jalan Delima / Masai / Double Storey MediumCost For Sale,350000,Johor,Masai,2-storey Terraced House,Leasehold,770,2,3,N/A
114833235,CHEAPEST🔥 Pearl Avenue Condominium Sg Chua Kajang,300000,Selangor,Kajang,Condominium,Freehold,1100,3,2,IQI REALTY SDN BHD
114833233,Kedua dua tingkat Ipoh,650000,Perak,Ipoh,Others,Freehold,1400,1,1,Property Excel Realty PropER
114833232,FULL LOAN! PALING MURAH Permai Puteri Apartment Ampang,290000,Selangor,Ampang,Apartment,Leasehold,833,3,2,IQI Realty Sdn Bhd
114833231,Ledang Heights,6500000,Johor,Iskandar Puteri,Bungalow House,Freehold,8552,8,7,The Roof Realty
114833230,"IPOH GARDEN EAST, Single Storey Terrace For Sale",288000,Perak,Ipoh,1-storey Terraced House,Leasehold,1500,3,2,E TREND REALTY SDN BHD
114833229,Saron @ Bandar Bukit Raja @ 2 Storey Terrace | Good Value!,579990,Selangor,Bandar Bukit Raja,2-storey Terraced House,Freehold,1400,4,3,The Roof Realty Sdn Bhd
114833226,"For Sale  Blk M, Rumah Pangsa Sri Lanang Desa Tebrau Low cost Flat",210000,Johor,Tebrau,Flat,Freehold,750,3,2,CBD Properties Sdn Bhd
114833281,"RENOVATED | Apartment Anggerik Villa 2, Bandar Teknologi Kajang",240000,Selangor,Kajang,Apartment,Freehold,1063,2,2,IQI REALTY SDN BHD
114790365,Pasir Gudang Bandar Baru Seri Alam Jalan Tasek 64 Level 2,188000,Johor,Pasir Gudang,Flat,Freehold,650,3,2,Royce Properties
114779451,Masai Taman Rinting Jalan Geharu L.Cost Geharu Flat,198000,Johor,Masai,Flat,Freehold,591,3,2,Royce Properties
114833280,Teres 2 tingkat lorong seri teruntum fully renovated,490000,Pahang,Kuantan,2-storey Terraced House,Freehold,1722,5,4,AFZ Realty sdn bhd
114833279,1k Deposit ✅ Villa Mutiara @ Mutiara Complex Jalan Ipoh No Down.P ✅,269000,Kuala Lumpur,Jalan Ipoh,Service Residence,Freehold,770,2,2,The Infinite Realty
114802590,Tmn Kluang Barat | Perindustrian Mengkibol | Kpj Kluang,238000,Johor,Kluang,2-storey Terraced House,Freehold,1365,4,2,AZMI REAL ESTATE AGENCY E12072
114833276,For Sale Jalan Lading Taman Puteri Wangsa 2 storey low cost House,300000,Johor,Ulu Tiram,2-storey Terraced House,Freehold,770,2,1,CBD Properties Sdn Bhd
